Workbook

Sheet Instructions
B1: RadioLife.app — UAT & Test Cases
B3: Environments
B4: • PRODUCTION (live): https://radiolife.app — test the real, deployed app here.
B5: • PREVIEW (dev): the Emergent preview URL — where new changes land before deploy.
B6: Always record which environment a defect was found on.
B8: Test accounts
B9: • Admin: admin@bigfm.dubai / AdminPass123!
B10: • Merchant: test@bigfm.dubai / TestUser123!
B11: • User: demo@bigfm.dubai / DemoPass123!
B13: How to use this workbook
B14: 1. Go to the 'UAT Test Cases' tab.
B15: 2. Each row is one test. Follow 'Test Steps' with the given 'Test Data'.
... B25: Tip: use Data > Filter on the test-cases tab to run by Module, Priority, or Platform.

Sheet UAT Test Cases
A1: TC ID | B1: Module | C1: Feature | D1: Priority | E1: Platform | F1: Type | G1: Preconditions | H1: Test Steps | I1: Test Data | J1: Expected Result | K1: Actual Result | L1: Status | M1: Tester | N1: Date | O1: Notes / Defect ID
A2: A-01 | B2: Authentication | C2: Login | D2: P0 | E2: Both | F2: Functional | G2: Registered user; on Login screen | H2: 1. Enter email & password 2. Tap/Click Sign in | I2: demo@bigfm.dubai / DemoPass123! | J2: User is authenticated and lands on Home; session persists on reload | L2: Not Run
A3: A-02 | B3: Authentication | C3: Login - wrong password | D3: P1 | E3: Both | F3: Negative | G3: On Login screen | H3: 1. Enter valid email + wrong password 2. Submit | I3: demo@bigfm.dubai / wrongpass | J3: Friendly error shown; NOT logged in; no crash; no 'clear cache' prompt | L3: Not Run
A4: A-03 | B4: Authentication | C4: Onboarding gate | D4: P1 | E4: Both | F4: Functional | G4: New user with onboarding_complete=false | H4: 1. Log in as a fresh user 2. Observe redirect | I4: new signup | J4: User is redirected to onboarding, not Home, until onboarding completes | L4: Not Run
A5: A-04 | B5: Authentication | C5: Logout | D5: P2 | E5: Both | F5: Functional | G5: Logged in | H5: 1. Open profile/menu 2. Tap Logout | I5: - | J5: Session cleared; redirected to Login; protected routes no longer accessible | L5: Not Run
A6: HS-01 | B6: Home / Shell | C6: Home loads with shelves | D6: P0 | E6: Web | F6: Smoke | G6: Logged in | H6: 1. Open Home (/) 2. Wait for load | I6: - | J6: Header, filter chips, and shelves render; no blank screen; no console errors | L6: Not Run
A7: HS-02 | B7: Home / Shell | C7: Sidebar chip counts | D7: P1 | E7: Web | F7: Functional | G7: Logged in | H7: 1. Observe left sidebar / filter chips 2. Compare counts to content | I7: - | J7: Chips show live counts (Radio, Shop cats, News, Games); zero-count items hidden | L7: Not Run
A8: HS-03 | B8: Home / Shell | C8: Radio chip switches feed | D8: P0 | E8: Web | F8: Functional | G8: On Home, chip=All | H8: 1. Click 'Radio' chip 2. Observe feed | I8: - | J8: Feed switches to a station grid (home-station-grid); visibly different from default feed | L8: Not Run
A9: HS-04 | B9: Home / Shell | C9: Empty-state doctrine | D9: P1 | E9: Both | F9: Functional | G9: A shelf/category has no content | H9: 1. View Home default feed 2. Look for empty shelves | I9: - | J9: Shelves with no content are hidden entirely; no 'nothing yet' placeholder in default feed | L9: Not Run
A10: R&-01 | B10: Radio & Playback | C10: Play an AI channel | D10: P0 | E10: Both | F10: Functional | G10: Logged in | H10: 1. Open a station tile in 'Your stations' 2. Tap play | I10: any channel | J10: Audio starts; persistent player bar shows station + now-playing segment | L10: Not Run
A11: R&-02 | B11: Radio & Playback | C11: Play imported world station | D11: P0 | E11: Both | F11: Functional | G11: On Radio browse / all stations | H11: 1. Search/browse to a world station 2. Tap play | I11: e.g. Classic FM UK | J11: Stream plays; station detail shows tags/country/language | L11: Not Run
A12: R&-03 | B12: Radio & Playback | C12: Persistent player continue | D12: P1 | E12: Both | F12: Functional | G12: A station is playing | H12: 1. Navigate to another tab/page 2. Observe player | I12: - | J12: Playback continues; player bar persists; Continue-listening shows the station | L12: Not Run
A13: R&-04 | B13: Radio & Playback | C13: Search stations | D13: P1 | E13: Both | F13: Functional | G13: On stations/search | H13: 1. Type a query 2. Review results | I13: 'jazz' | J13: Relevant stations returned; each shows artwork (never blank) | L13: Not Run
... A65: N-06 | B65: Non-functional | C65: Deep link / refresh | D65: P2 | E65: Web | F65: Functional | G65: On a deep page | H65: 1. Refresh the browser on /shop, /trivia, /predict-win | I65: - | J65: Page reloads correctly (no 404); auth preserved | L65: Not Run

Sheet Summary
A1: RadioLife UAT — Summary
A3: Overall status
A4: Total test cases | B4: =COUNTA('UAT Test Cases'!A2:A65) | D4: By Priority
A5: Pass | B5: =COUNTIF('UAT Test Cases'!L2:L65,"Pass") | D5: P0 | E5: =COUNTIF('UAT Test Cases'!D2:D65,"P0")
A6: Fail | B6: =COUNTIF('UAT Test Cases'!L2:L65,"Fail") | D6: P1 | E6: =COUNTIF('UAT Test Cases'!D2:D65,"P1")
A7: Blocked | B7: =COUNTIF('UAT Test Cases'!L2:L65,"Blocked") | D7: P2 | E7: =COUNTIF('UAT Test Cases'!D2:D65,"P2")
A8: N/A | B8: =COUNTIF('UAT Test Cases'!L2:L65,"N/A")
A9: Not Run | B9: =COUNTIF('UAT Test Cases'!L2:L65,"Not Run") | D9: By Module (total / pass)
A10: % Pass | B10: =IF(COUNTA('UAT Test Cases'!A2:A65)=0,0,COUNTIF('UAT Test Cases'!L2:L65,"Pass")/COUNTA('UAT Test Cases'!A2:A65)) | D10: Authentication | E10: =COUNTIF('UAT Test Cases'!B2:B65,"Authentication") | F10: =COUNTIFS('UAT Test Cases'!B2:B65,"Authentication",'UAT Test Cases'!L2:L65,"Pass")
D11: Home / Shell | E11: =COUNTIF('UAT Test Cases'!B2:B65,"Home / Shell") | F11: =COUNTIFS('UAT Test Cases'!B2:B65,"Home / Shell",'UAT Test Cases'!L2:L65,"Pass")
D12: Radio & Playback | E12: =COUNTIF('UAT Test Cases'!B2:B65,"Radio & Playback") | F12: =COUNTIFS('UAT Test Cases'!B2:B65,"Radio & Playback",'UAT Test Cases'!L2:L65,"Pass")
D13: Station Artwork | E13: =COUNTIF('UAT Test Cases'!B2:B65,"Station Artwork") | F13: =COUNTIFS('UAT Test Cases'!B2:B65,"Station Artwork",'UAT Test Cases'!L2:L65,"Pass")
D14: Clips | E14: =COUNTIF('UAT Test Cases'!B2:B65,"Clips") | F14: =COUNTIFS('UAT Test Cases'!B2:B65,"Clips",'UAT Test Cases'!L2:L65,"Pass")
D15: Shop & Eat | E15: =COUNTIF('UAT Test Cases'!B2:B65,"Shop & Eat") | F15: =COUNTIFS('UAT Test Cases'!B2:B65,"Shop & Eat",'UAT Test Cases'!L2:L65,"Pass")
D16: BigPoints & Wallet | E16: =COUNTIF('UAT Test Cases'!B2:B65,"BigPoints & Wallet") | F16: =COUNTIFS('UAT Test Cases'!B2:B65,"BigPoints & Wallet",'UAT Test Cases'!L2:L65,"Pass")
D17: On-Air Offers | E17: =COUNTIF('UAT Test Cases'!B2:B65,"On-Air Offers") | F17: =COUNTIFS('UAT Test Cases'!B2:B65,"On-Air Offers",'UAT Test Cases'!L2:L65,"Pass")
D18: Games - Predict & Win | E18: =COUNTIF('UAT Test Cases'!B2:B65,"Games - Predict & Win") | F18: =COUNTIFS('UAT Test Cases'!B2:B65,"Games - Predict & Win",'UAT Test Cases'!L2:L65,"Pass")
D19: Games - Trivia | E19: =COUNTIF('UAT Test Cases'!B2:B65,"Games - Trivia") | F19: =COUNTIFS('UAT Test Cases'!B2:B65,"Games - Trivia",'UAT Test Cases'!L2:L65,"Pass")
D20: Games | E20: =COUNTIF('UAT Test Cases'!B2:B65,"Games") | F20: =COUNTIFS('UAT Test Cases'!B2:B65,"Games",'UAT Test Cases'!L2:L65,"Pass")
D21: News | E21: =COUNTIF('UAT Test Cases'!B2:B65,"News") | F21: =COUNTIFS('UAT Test Cases'!B2:B65,"News",'UAT Test Cases'!L2:L65,"Pass")
D22: Ads | E22: =COUNTIF('UAT Test Cases'!B2:B65,"Ads") | F22: =COUNTIFS('UAT Test Cases'!B2:B65,"Ads",'UAT Test Cases'!L2:L65,"Pass")
D23: Design / Theme | E23: =COUNTIF('UAT Test Cases'!B2:B65,"Design / Theme") | F23: =COUNTIFS('UAT Test Cases'!B2:B65,"Design / Theme",'UAT Test Cases'!L2:L65,"Pass")
D24: Location | E24: =COUNTIF('UAT Test Cases'!B2:B65,"Location") | F24: =COUNTIFS('UAT Test Cases'!B2:B65,"Location",'UAT Test Cases'!L2:L65,"Pass")
D25: Mobile App | E25: =COUNTIF('UAT Test Cases'!B2:B65,"Mobile App") | F25: =COUNTIFS('UAT Test Cases'!B2:B65,"Mobile App",'UAT Test Cases'!L2:L65,"Pass")
D26: Merchant | E26: =COUNTIF('UAT Test Cases'!B2:B65,"Merchant") | F26: =COUNTIFS('UAT Test Cases'!B2:B65,"Merchant",'UAT Test Cases'!L2:L65,"Pass")
D27: Admin | E27: =COUNTIF('UAT Test Cases'!B2:B65,"Admin") | F27: =COUNTIFS('UAT Test Cases'!B2:B65,"Admin",'UAT Test Cases'!L2:L65,"Pass")
D28: Cross-platform | E28: =COUNTIF('UAT Test Cases'!B2:B65,"Cross-platform") | F28: =COUNTIFS('UAT Test Cases'!B2:B65,"Cross-platform",'UAT Test Cases'!L2:L65,"Pass")
D29: Non-functional | E29: =COUNTIF('UAT Test Cases'!B2:B65,"Non-functional") | F29: =COUNTIFS('UAT Test Cases'!B2:B65,"Non-functional",'UAT Test Cases'!L2:L65,"Pass")
